,КуЦ]1,КуЦ]2,КуЦ]3,КуЦ]4,КуЦ]5,КуЦ]6,КуЦ]7,КуЦ]8,КуЦ]9,КуЦ]10,КуЦ]11,КуЦ]12,КуЦ]13,КуЦ]14,КуЦ]15,КуЦ]16,КуЦ]17,КуЦ]18,КуЦ]19,КуЦ]20,КуЦ]21,КуЦ]22,КуЦ]23,КуЦ]24,КуЦ]25,КуЦ]26,КуЦ]27,КуЦ]28,КуЦ]29,КуЦ]30,КуЦ]31,КуЦ]32,КуЦ]33,КуЦ]34,КуЦ]35,КуЦ]36,КуЦ]37,КуЦ]38,КуЦ]39,КуЦ]40,КуЦ]41,КуЦ]42,КуЦ]43,КуЦ]44,КуЦ]45,КуЦ]46,КуЦ]47,КуЦ]48,КуЦ]49,КуЦ]50,КуЦ]51,КуЦ]52,КуЦ]53,КуЦ]54,КуЦ]55
ХФПР1,48В≥Вс,21В≥Вс,40В≥Вс,9В≥Вс,19В≥Вс,25В≥Вс,32В≥Вс,38В≥Вс,10В≥Вс,42В≥Вс,20В≥Вс,27В≥Вс,46В≥Вс,23В≥Вс,4В≥Вс,50В≥Вс,39В≥Вс,15В≥Вс,16В≥Вс,31В≥Вс,36В≥Вс,54В≥Вс,56В≥Вс,34В≥Вс,47В≥Вс,18В≥Вс,30В≥Вс,12В≥Вс,41В≥Вс,17В≥Вс,49В≥Вс,45В≥Вс,44В≥Вс,1В≥Вс,2В≥Вс,53В≥Вс,22В≥Вс,51В≥Вс,24В≥Вс,33В≥Вс,8В≥Вс,52В≥Вс,3В≥Вс,11В≥Вс,55В≥Вс,26В≥Вс,28В≥Вс,43В≥Вс,5В≥Вс,7В≥Вс,37В≥Вс,13В≥Вс,14В≥Вс,29В≥Вс,6В≥Вс
ХФПР2,48В≥Вс,45В≥Вс,39В≥Вс,50В≥Вс,40В≥Вс,23В≥Вс,25В≥Вс,46В≥Вс,56В≥Вс,54В≥Вс,9В≥Вс,10В≥Вс,42В≥Вс,38В≥Вс,16В≥Вс,47В≥Вс,34В≥Вс,51В≥Вс,30В≥Вс,1В≥Вс,20В≥Вс,2В≥Вс,41В≥Вс,12В≥Вс,21В≥Вс,31В≥Вс,22В≥Вс,26В≥Вс,27В≥Вс,52В≥Вс,4В≥Вс,17В≥Вс,36В≥Вс,33В≥Вс,18В≥Вс,19В≥Вс,32В≥Вс,44В≥Вс,43В≥Вс,3В≥Вс,49В≥Вс,7В≥Вс,15В≥Вс,8В≥Вс,24В≥Вс,11В≥Вс,37В≥Вс,53В≥Вс,28В≥Вс,55В≥Вс,13В≥Вс,14В≥Вс,6В≥Вс,35В≥Вс,5В≥Вс
ХФПР3,48В≥Вс,50В≥Вс,38В≥Вс,20В≥Вс,51В≥Вс,9В≥Вс,40В≥Вс,54В≥Вс,18В≥Вс,27В≥Вс,25В≥Вс,23В≥Вс,21В≥Вс,39В≥Вс,33В≥Вс,30В≥Вс,10В≥Вс,31В≥Вс,45В≥Вс,22В≥Вс,36В≥Вс,46В≥Вс,12В≥Вс,19В≥Вс,44В≥Вс,42В≥Вс,24В≥Вс,1В≥Вс,56В≥Вс,49В≥Вс,34В≥Вс,41В≥Вс,15В≥Вс,3В≥Вс,26В≥Вс,4В≥Вс,8В≥Вс,52В≥Вс,16В≥Вс,17В≥Вс,53В≥Вс,2В≥Вс,55В≥Вс,47В≥Вс,37В≥Вс,43В≥Вс,11В≥Вс,32В≥Вс,6В≥Вс,14В≥Вс,28В≥Вс,29В≥Вс,7В≥Вс,35В≥Вс,13В≥Вс
ХФПР4,48В≥Вс,20В≥Вс,50В≥Вс,21В≥Вс,34В≥Вс,3В≥Вс,42В≥Вс,23В≥Вс,39В≥Вс,31В≥Вс,38В≥Вс,41В≥Вс,27В≥Вс,54В≥Вс,52В≥Вс,40В≥Вс,55В≥Вс,15В≥Вс,45В≥Вс,25В≥Вс,12В≥Вс,10В≥Вс,24В≥Вс,56В≥Вс,18В≥Вс,46В≥Вс,16В≥Вс,22В≥Вс,36В≥Вс,9В≥Вс,19В≥Вс,32В≥Вс,49В≥Вс,33В≥Вс,11В≥Вс,51В≥Вс,17В≥Вс,26В≥Вс,43В≥Вс,53В≥Вс,2В≥Вс,1В≥Вс,47В≥Вс,44В≥Вс,30В≥Вс,8В≥Вс,37В≥Вс,7В≥Вс,13В≥Вс,4В≥Вс,35В≥Вс,28В≥Вс,14В≥Вс,6В≥Вс,29В≥Вс
ХФПР5,16В≥Вс,48В≥Вс,40В≥Вс,38В≥Вс,36В≥Вс,56В≥Вс,44В≥Вс,20В≥Вс,50В≥Вс,31В≥Вс,46В≥Вс,19В≥Вс,43В≥Вс,17В≥Вс,25В≥Вс,41В≥Вс,3В≥Вс,12В≥Вс,51В≥Вс,21В≥Вс,9В≥Вс,47В≥Вс,53В≥Вс,22В≥Вс,23В≥Вс,10В≥Вс,6В≥Вс,54В≥Вс,34В≥Вс,8В≥Вс,11В≥Вс,27В≥Вс,39В≥Вс,32В≥Вс,45В≥Вс,55В≥Вс,37В≥Вс,30В≥Вс,52В≥Вс,42В≥Вс,2В≥Вс,7В≥Вс,24В≥Вс,49В≥Вс,33В≥Вс,26В≥Вс,14В≥Вс,1В≥Вс,18В≥Вс,15В≥Вс,4В≥Вс,28В≥Вс,13В≥Вс,29В≥Вс,35В≥Вс
ХФПР6,48В≥Вс,38В≥Вс,23В≥Вс,12В≥Вс,54В≥Вс,31В≥Вс,25В≥Вс,50В≥Вс,4В≥Вс,9В≥Вс,20В≥Вс,27В≥Вс,40В≥Вс,36В≥Вс,45В≥Вс,30В≥Вс,52В≥Вс,49В≥Вс,56В≥Вс,39В≥Вс,17В≥Вс,22В≥Вс,44В≥Вс,15В≥Вс,33В≥Вс,46В≥Вс,19В≥Вс,16В≥Вс,41В≥Вс,24В≥Вс,3В≥Вс,21В≥Вс,43В≥Вс,7В≥Вс,34В≥Вс,55В≥Вс,8В≥Вс,26В≥Вс,1В≥Вс,18В≥Вс,51В≥Вс,10В≥Вс,53В≥Вс,42В≥Вс,11В≥Вс,2В≥Вс,32В≥Вс,14В≥Вс,28В≥Вс,47В≥Вс,13В≥Вс,5В≥Вс,37В≥Вс,35В≥Вс,6В≥Вс
ХФПР7,48В≥Вс,9В≥Вс,25В≥Вс,40В≥Вс,38В≥Вс,10В≥Вс,50В≥Вс,23В≥Вс,20В≥Вс,54В≥Вс,49В≥Вс,22В≥Вс,27В≥Вс,21В≥Вс,55В≥Вс,33В≥Вс,3В≥Вс,2В≥Вс,36В≥Вс,31В≥Вс,17В≥Вс,1В≥Вс,46В≥Вс,39В≥Вс,41В≥Вс,8В≥Вс,24В≥Вс,44В≥Вс,52В≥Вс,18В≥Вс,7В≥Вс,4В≥Вс,15В≥Вс,19В≥Вс,30В≥Вс,51В≥Вс,34В≥Вс,56В≥Вс,16В≥Вс,42В≥Вс,47В≥Вс,5В≥Вс,45В≥Вс,12В≥Вс,14В≥Вс,32В≥Вс,26В≥Вс,43В≥Вс,28В≥Вс,37В≥Вс,53В≥Вс,11В≥Вс,35В≥Вс,13В≥Вс,6В≥Вс
ХФПР8,48В≥Вс,20В≥Вс,50В≥Вс,10В≥Вс,36В≥Вс,9В≥Вс,51В≥Вс,40В≥Вс,38В≥Вс,39В≥Вс,56В≥Вс,22В≥Вс,47В≥Вс,8В≥Вс,27В≥Вс,31В≥Вс,44В≥Вс,25В≥Вс,12В≥Вс,26В≥Вс,41В≥Вс,37В≥Вс,21В≥Вс,46В≥Вс,15В≥Вс,30В≥Вс,55В≥Вс,49В≥Вс,32В≥Вс,23В≥Вс,54В≥Вс,34В≥Вс,17В≥Вс,18В≥Вс,19В≥Вс,33В≥Вс,3В≥Вс,42В≥Вс,53В≥Вс,11В≥Вс,1В≥Вс,45В≥Вс,16В≥Вс,52В≥Вс,2В≥Вс,4В≥Вс,24В≥Вс,43В≥Вс,7В≥Вс,28В≥Вс,13В≥Вс,14В≥Вс,6В≥Вс,5В≥Вс,35В≥Вс
ХФПР9,48В≥Вс,40В≥Вс,18В≥Вс,9В≥Вс,21В≥Вс,8В≥Вс,50В≥Вс,20В≥Вс,25В≥Вс,46В≥Вс,33В≥Вс,2В≥Вс,31В≥Вс,36В≥Вс,27В≥Вс,41В≥Вс,10В≥Вс,38В≥Вс,56В≥Вс,17В≥Вс,54В≥Вс,3В≥Вс,23В≥Вс,22В≥Вс,19В≥Вс,34В≥Вс,51В≥Вс,49В≥Вс,45В≥Вс,26В≥Вс,47В≥Вс,52В≥Вс,12В≥Вс,1В≥Вс,42В≥Вс,16В≥Вс,53В≥Вс,4В≥Вс,44В≥Вс,39В≥Вс,28В≥Вс,30В≥Вс,55В≥Вс,37В≥Вс,7В≥Вс,43В≥Вс,15В≥Вс,11В≥Вс,32В≥Вс,24В≥Вс,13В≥Вс,14В≥Вс,5В≥Вс,35В≥Вс,29В≥Вс
ХФПР10,48В≥Вс,46В≥Вс,31В≥Вс,21В≥Вс,40В≥Вс,18В≥Вс,25В≥Вс,51В≥Вс,50В≥Вс,33В≥Вс,54В≥Вс,47В≥Вс,27В≥Вс,42В≥Вс,19В≥Вс,1В≥Вс,41В≥Вс,20В≥Вс,37В≥Вс,36В≥Вс,38В≥Вс,56В≥Вс,16В≥Вс,23В≥Вс,53В≥Вс,22В≥Вс,9В≥Вс,3В≥Вс,15В≥Вс,49В≥Вс,26В≥Вс,12В≥Вс,34В≥Вс,10В≥Вс,52В≥Вс,2В≥Вс,4В≥Вс,45В≥Вс,44В≥Вс,8В≥Вс,24В≥Вс,55В≥Вс,14В≥Вс,6В≥Вс,32В≥Вс,43В≥Вс,11В≥Вс,39В≥Вс,17В≥Вс,30В≥Вс,7В≥Вс,28В≥Вс,35В≥Вс,5В≥Вс,13В≥Вс
ХФПР11,48В≥Вс,45В≥Вс,40В≥Вс,25В≥Вс,46В≥Вс,19В≥Вс,50В≥Вс,27В≥Вс,9В≥Вс,10В≥Вс,20В≥Вс,23В≥Вс,33В≥Вс,38В≥Вс,28В≥Вс,7В≥Вс,31В≥Вс,16В≥Вс,49В≥Вс,54В≥Вс,34В≥Вс,21В≥Вс,36В≥Вс,30В≥Вс,44В≥Вс,39В≥Вс,18В≥Вс,2В≥Вс,12В≥Вс,56В≥Вс,51В≥Вс,22В≥Вс,4В≥Вс,52В≥Вс,41В≥Вс,17В≥Вс,53В≥Вс,37В≥Вс,1В≥Вс,42В≥Вс,32В≥Вс,24В≥Вс,8В≥Вс,3В≥Вс,47В≥Вс,55В≥Вс,15В≥Вс,43В≥Вс,26В≥Вс,11В≥Вс,14В≥Вс,13В≥Вс,5В≥Вс,35В≥Вс,6В≥Вс
ХФПР12,50В≥Вс,48В≥Вс,56В≥Вс,4В≥Вс,39В≥Вс,25В≥Вс,34В≥Вс,20В≥Вс,38В≥Вс,23В≥Вс,40В≥Вс,19В≥Вс,36В≥Вс,41В≥Вс,54В≥Вс,9В≥Вс,27В≥Вс,44В≥Вс,31В≥Вс,24В≥Вс,10В≥Вс,16В≥Вс,21В≥Вс,45В≥Вс,46В≥Вс,17В≥Вс,55В≥Вс,18В≥Вс,3В≥Вс,49В≥Вс,22В≥Вс,51В≥Вс,12В≥Вс,47В≥Вс,29В≥Вс,37В≥Вс,53В≥Вс,32В≥Вс,52В≥Вс,15В≥Вс,30В≥Вс,8В≥Вс,33В≥Вс,1В≥Вс,2В≥Вс,7В≥Вс,11В≥Вс,6В≥Вс,43В≥Вс,42В≥Вс,28В≥Вс,26В≥Вс,35В≥Вс,14В≥Вс,13В≥Вс
ХФПР13,48В≥Вс,19В≥Вс,32В≥Вс,20В≥Вс,50В≥Вс,34В≥Вс,38В≥Вс,52В≥Вс,56В≥Вс,9В≥Вс,40В≥Вс,16В≥Вс,26В≥Вс,36В≥Вс,21В≥Вс,4В≥Вс,22В≥Вс,49В≥Вс,54В≥Вс,12В≥Вс,3В≥Вс,17В≥Вс,31В≥Вс,46В≥Вс,44В≥Вс,45В≥Вс,28В≥Вс,27В≥Вс,42В≥Вс,10В≥Вс,23В≥Вс,25В≥Вс,18В≥Вс,15В≥Вс,41В≥Вс,43В≥Вс,55В≥Вс,2В≥Вс,1В≥Вс,53В≥Вс,39В≥Вс,37В≥Вс,24В≥Вс,7В≥Вс,30В≥Вс,8В≥Вс,51В≥Вс,11В≥Вс,33В≥Вс,14В≥Вс,47В≥Вс,5В≥Вс,29В≥Вс,13В≥Вс,35В≥Вс
ХФПР14,48В≥Вс,19В≥Вс,21В≥Вс,50В≥Вс,54В≥Вс,31В≥Вс,36В≥Вс,40В≥Вс,20В≥Вс,22В≥Вс,34В≥Вс,23В≥Вс,49В≥Вс,44В≥Вс,18В≥Вс,27В≥Вс,25В≥Вс,38В≥Вс,12В≥Вс,15В≥Вс,56В≥Вс,26В≥Вс,8В≥Вс,53В≥Вс,9В≥Вс,10В≥Вс,46В≥Вс,41В≥Вс,1В≥Вс,45В≥Вс,7В≥Вс,16В≥Вс,3В≥Вс,52В≥Вс,32В≥Вс,17В≥Вс,30В≥Вс,33В≥Вс,55В≥Вс,2В≥Вс,47В≥Вс,39В≥Вс,43В≥Вс,42В≥Вс,35В≥Вс,24В≥Вс,51В≥Вс,11В≥Вс,4В≥Вс,28В≥Вс,13В≥Вс,14В≥Вс,37В≥Вс,6В≥Вс,5В≥Вс
ХФПР15,48В≥Вс,3В≥Вс,19В≥Вс,50В≥Вс,1В≥Вс,23В≥Вс,51В≥Вс,9В≥Вс,25В≥Вс,20В≥Вс,2В≥Вс,45В≥Вс,21В≥Вс,41В≥Вс,27В≥Вс,40В≥Вс,38В≥Вс,17В≥Вс,56В≥Вс,36В≥Вс,15В≥Вс,49В≥Вс,42В≥Вс,54В≥Вс,22В≥Вс,34В≥Вс,39В≥Вс,52В≥Вс,10В≥Вс,31В≥Вс,44В≥Вс,8В≥Вс,26В≥Вс,18В≥Вс,46В≥Вс,16В≥Вс,7В≥Вс,30В≥Вс,47В≥Вс,55В≥Вс,12В≥Вс,37В≥Вс,43В≥Вс,24В≥Вс,28В≥Вс,33В≥Вс,14В≥Вс,4В≥Вс,11В≥Вс,53В≥Вс,29В≥Вс,32В≥Вс,13В≥Вс,6В≥Вс,5В≥Вс
ХФПР16,48В≥Вс,38В≥Вс,50В≥Вс,9В≥Вс,40В≥Вс,16В≥Вс,20В≥Вс,17В≥Вс,3В≥Вс,55В≥Вс,44В≥Вс,18В≥Вс,19В≥Вс,54В≥Вс,10В≥Вс,41В≥Вс,46В≥Вс,45В≥Вс,23В≥Вс,52В≥Вс,25В≥Вс,34В≥Вс,49В≥Вс,15В≥Вс,21В≥Вс,31В≥Вс,26В≥Вс,36В≥Вс,56В≥Вс,33В≥Вс,27В≥Вс,43В≥Вс,4В≥Вс,28В≥Вс,22В≥Вс,35В≥Вс,53В≥Вс,1В≥Вс,2В≥Вс,8В≥Вс,7В≥Вс,12В≥Вс,39В≥Вс,32В≥Вс,42В≥Вс,24В≥Вс,47В≥Вс,30В≥Вс,11В≥Вс,51В≥Вс,14В≥Вс,37В≥Вс,5В≥Вс,13В≥Вс,29В≥Вс
ХФПР17,48В≥Вс,40В≥Вс,50В≥Вс,41В≥Вс,9В≥Вс,3В≥Вс,45В≥Вс,47В≥Вс,2В≥Вс,38В≥Вс,44В≥Вс,10В≥Вс,20В≥Вс,27В≥Вс,25В≥Вс,19В≥Вс,31В≥Вс,23В≥Вс,52В≥Вс,26В≥Вс,17В≥Вс,34В≥Вс,54В≥Вс,39В≥Вс,30В≥Вс,55В≥Вс,36В≥Вс,16В≥Вс,49В≥Вс,5В≥Вс,15В≥Вс,28В≥Вс,46В≥Вс,42В≥Вс,21В≥Вс,4В≥Вс,51В≥Вс,12В≥Вс,18В≥Вс,56В≥Вс,33В≥Вс,1В≥Вс,22В≥Вс,11В≥Вс,32В≥Вс,8В≥Вс,43В≥Вс,14В≥Вс,53В≥Вс,24В≥Вс,13В≥Вс,7В≥Вс,37В≥Вс,29В≥Вс,6В≥Вс
ХФПР18,48В≥Вс,50В≥Вс,12В≥Вс,10В≥Вс,25В≥Вс,27В≥Вс,31В≥Вс,9В≥Вс,54В≥Вс,38В≥Вс,40В≥Вс,20В≥Вс,51В≥Вс,49В≥Вс,16В≥Вс,56В≥Вс,2В≥Вс,39В≥Вс,45В≥Вс,17В≥Вс,33В≥Вс,23В≥Вс,19В≥Вс,21В≥Вс,47В≥Вс,18В≥Вс,36В≥Вс,28В≥Вс,32В≥Вс,11В≥Вс,37В≥Вс,46В≥Вс,44В≥Вс,3В≥Вс,52В≥Вс,34В≥Вс,22В≥Вс,15В≥Вс,43В≥Вс,42В≥Вс,41В≥Вс,53В≥Вс,55В≥Вс,1В≥Вс,4В≥Вс,8В≥Вс,35В≥Вс,14В≥Вс,7В≥Вс,26В≥Вс,30В≥Вс,24В≥Вс,13В≥Вс,5В≥Вс,29В≥Вс
ХФПР19,48В≥Вс,20В≥Вс,19В≥Вс,40В≥Вс,43В≥Вс,38В≥Вс,50В≥Вс,41В≥Вс,4В≥Вс,31В≥Вс,27В≥Вс,21В≥Вс,46В≥Вс,54В≥Вс,36В≥Вс,53В≥Вс,44В≥Вс,55В≥Вс,9В≥Вс,2В≥Вс,56В≥Вс,49В≥Вс,18В≥Вс,10В≥Вс,24В≥Вс,22В≥Вс,16В≥Вс,8В≥Вс,3В≥Вс,23В≥Вс,12В≥Вс,30В≥Вс,32В≥Вс,42В≥Вс,15В≥Вс,25В≥Вс,45В≥Вс,52В≥Вс,34В≥Вс,26В≥Вс,17В≥Вс,47В≥Вс,39В≥Вс,7В≥Вс,14В≥Вс,37В≥Вс,1В≥Вс,13В≥Вс,33В≥Вс,28В≥Вс,11В≥Вс,51В≥Вс,35В≥Вс,6В≥Вс,5В≥Вс
ХФПР20,48В≥Вс,3В≥Вс,40В≥Вс,17В≥Вс,23В≥Вс,36В≥Вс,39В≥Вс,50В≥Вс,25В≥Вс,56В≥Вс,49В≥Вс,53В≥Вс,38В≥Вс,19В≥Вс,43В≥Вс,51В≥Вс,20В≥Вс,54В≥Вс,9В≥Вс,22В≥Вс,46В≥Вс,31В≥Вс,15В≥Вс,44В≥Вс,21В≥Вс,32В≥Вс,12В≥Вс,52В≥Вс,18В≥Вс,24В≥Вс,41В≥Вс,27В≥Вс,47В≥Вс,10В≥Вс,45В≥Вс,4В≥Вс,55В≥Вс,30В≥Вс,2В≥Вс,26В≥Вс,16В≥Вс,42В≥Вс,14В≥Вс,34В≥Вс,37В≥Вс,8В≥Вс,28В≥Вс,33В≥Вс,1В≥Вс,7В≥Вс,5В≥Вс,11В≥Вс,13В≥Вс,35В≥Вс,6В≥Вс
ХФПР21,48В≥Вс,52В≥Вс,17В≥Вс,40В≥Вс,38В≥Вс,25В≥Вс,44В≥Вс,56В≥Вс,54В≥Вс,50В≥Вс,21В≥Вс,9В≥Вс,10В≥Вс,20В≥Вс,19В≥Вс,4В≥Вс,49В≥Вс,31В≥Вс,36В≥Вс,18В≥Вс,32В≥Вс,23В≥Вс,47В≥Вс,41В≥Вс,39В≥Вс,3В≥Вс,46В≥Вс,34В≥Вс,11В≥Вс,16В≥Вс,42В≥Вс,2В≥Вс,51В≥Вс,24В≥Вс,55В≥Вс,26В≥Вс,22В≥Вс,53В≥Вс,30В≥Вс,1В≥Вс,43В≥Вс,45В≥Вс,27В≥Вс,8В≥Вс,33В≥Вс,37В≥Вс,15В≥Вс,7В≥Вс,13В≥Вс,28В≥Вс,12В≥Вс,14В≥Вс,29В≥Вс,35В≥Вс,5В≥Вс
ХФПР22,48В≥Вс,15В≥Вс,54В≥Вс,27В≥Вс,36В≥Вс,38В≥Вс,9В≥Вс,23В≥Вс,50В≥Вс,3В≥Вс,53В≥Вс,39В≥Вс,25В≥Вс,20В≥Вс,2В≥Вс,19В≥Вс,45В≥Вс,40В≥Вс,43В≥Вс,1В≥Вс,18В≥Вс,31В≥Вс,21В≥Вс,12В≥Вс,55В≥Вс,46В≥Вс,13В≥Вс,56В≥Вс,14В≥Вс,10В≥Вс,52В≥Вс,26В≥Вс,24В≥Вс,44В≥Вс,7В≥Вс,34В≥Вс,8В≥Вс,35В≥Вс,17В≥Вс,22В≥Вс,16В≥Вс,49В≥Вс,42В≥Вс,41В≥Вс,51В≥Вс,11В≥Вс,33В≥Вс,30В≥Вс,32В≥Вс,4В≥Вс,47В≥Вс,37В≥Вс,28В≥Вс,5В≥Вс,6В≥Вс
ХФПР23,48В≥Вс,23В≥Вс,38В≥Вс,20В≥Вс,3В≥Вс,54В≥Вс,16В≥Вс,31В≥Вс,15В≥Вс,40В≥Вс,9В≥Вс,27В≥Вс,10В≥Вс,50В≥Вс,41В≥Вс,36В≥Вс,56В≥Вс,52В≥Вс,46В≥Вс,34В≥Вс,44В≥Вс,21В≥Вс,18В≥Вс,45В≥Вс,25В≥Вс,22В≥Вс,7В≥Вс,33В≥Вс,30В≥Вс,19В≥Вс,8В≥Вс,51В≥Вс,17В≥Вс,55В≥Вс,42В≥Вс,5В≥Вс,12В≥Вс,32В≥Вс,4В≥Вс,28В≥Вс,49В≥Вс,53В≥Вс,37В≥Вс,2В≥Вс,39В≥Вс,14В≥Вс,13В≥Вс,43В≥Вс,11В≥Вс,47В≥Вс,26В≥Вс,1В≥Вс,24В≥Вс,6В≥Вс,35В≥Вс
ХФПР24,50В≥Вс,36В≥Вс,48В≥Вс,40В≥Вс,23В≥Вс,20В≥Вс,38В≥Вс,10В≥Вс,52В≥Вс,45В≥Вс,19В≥Вс,42В≥Вс,56В≥Вс,54В≥Вс,39В≥Вс,22В≥Вс,12В≥Вс,32В≥Вс,3В≥Вс,9В≥Вс,27В≥Вс,28В≥Вс,31В≥Вс,46В≥Вс,33В≥Вс,17В≥Вс,24В≥Вс,41В≥Вс,16В≥Вс,8В≥Вс,11В≥Вс,18В≥Вс,7В≥Вс,49В≥Вс,25В≥Вс,55В≥Вс,2В≥Вс,53В≥Вс,13В≥Вс,43В≥Вс,21В≥Вс,15В≥Вс,44В≥Вс,1В≥Вс,14В≥Вс,34В≥Вс,51В≥Вс,4В≥Вс,47В≥Вс,37В≥Вс,26В≥Вс,30В≥Вс,29В≥Вс,35В≥Вс,6В≥Вс
ХФПР25,48В≥Вс,26В≥Вс,9В≥Вс,31В≥Вс,49В≥Вс,40В≥Вс,21В≥Вс,25В≥Вс,38В≥Вс,20В≥Вс,3В≥Вс,10В≥Вс,45В≥Вс,36В≥Вс,56В≥Вс,54В≥Вс,50В≥Вс,4В≥Вс,46В≥Вс,41В≥Вс,23В≥Вс,16В≥Вс,22В≥Вс,51В≥Вс,52В≥Вс,43В≥Вс,19В≥Вс,18В≥Вс,2В≥Вс,27В≥Вс,53В≥Вс,17В≥Вс,30В≥Вс,8В≥Вс,37В≥Вс,55В≥Вс,44В≥Вс,39В≥Вс,11В≥Вс,12В≥Вс,34В≥Вс,1В≥Вс,33В≥Вс,14В≥Вс,15В≥Вс,42В≥Вс,28В≥Вс,32В≥Вс,47В≥Вс,7В≥Вс,13В≥Вс,24В≥Вс,35В≥Вс,6В≥Вс,5В≥Вс
ХФПР26,48В≥Вс,20В≥Вс,38В≥Вс,9В≥Вс,19В≥Вс,56В≥Вс,40В≥Вс,25В≥Вс,51В≥Вс,44В≥Вс,23В≥Вс,42В≥Вс,35В≥Вс,39В≥Вс,45В≥Вс,54В≥Вс,10В≥Вс,50В≥Вс,27В≥Вс,36В≥Вс,18В≥Вс,46В≥Вс,15В≥Вс,31В≥Вс,49В≥Вс,3В≥Вс,22В≥Вс,53В≥Вс,30В≥Вс,12В≥Вс,1В≥Вс,55В≥Вс,41В≥Вс,8В≥Вс,17В≥Вс,2В≥Вс,11В≥Вс,28В≥Вс,47В≥Вс,21В≥Вс,34В≥Вс,24В≥Вс,16В≥Вс,7В≥Вс,33В≥Вс,52В≥Вс,32В≥Вс,4В≥Вс,26В≥Вс,43В≥Вс,29В≥Вс,14В≥Вс,37В≥Вс,6В≥Вс,5В≥Вс
ХФПР27,48В≥Вс,40В≥Вс,33В≥Вс,31В≥Вс,38В≥Вс,21В≥Вс,34В≥Вс,50В≥Вс,45В≥Вс,25В≥Вс,37В≥Вс,20В≥Вс,56В≥Вс,10В≥Вс,9В≥Вс,16В≥Вс,52В≥Вс,19В≥Вс,39В≥Вс,54В≥Вс,15В≥Вс,55В≥Вс,23В≥Вс,41В≥Вс,17В≥Вс,8В≥Вс,22В≥Вс,47В≥Вс,2В≥Вс,1В≥Вс,46В≥Вс,32В≥Вс,27В≥Вс,36В≥Вс,7В≥Вс,18В≥Вс,26В≥Вс,49В≥Вс,12В≥Вс,44В≥Вс,3В≥Вс,43В≥Вс,4В≥Вс,53В≥Вс,30В≥Вс,24В≥Вс,42В≥Вс,51В≥Вс,14В≥Вс,11В≥Вс,28В≥Вс,6В≥Вс,29В≥Вс,5В≥Вс,13В≥Вс
ХФПР28,48В≥Вс,20В≥Вс,16В≥Вс,40В≥Вс,51В≥Вс,50В≥Вс,47В≥Вс,23В≥Вс,2В≥Вс,38В≥Вс,25В≥Вс,54В≥Вс,19В≥Вс,33В≥Вс,31В≥Вс,34В≥Вс,12В≥Вс,17В≥Вс,21В≥Вс,14В≥Вс,26В≥Вс,41В≥Вс,49В≥Вс,27В≥Вс,39В≥Вс,52В≥Вс,37В≥Вс,56В≥Вс,9В≥Вс,44В≥Вс,36В≥Вс,46В≥Вс,42В≥Вс,43В≥Вс,10В≥Вс,45В≥Вс,3В≥Вс,22В≥Вс,4В≥Вс,18В≥Вс,11В≥Вс,32В≥Вс,15В≥Вс,30В≥Вс,28В≥Вс,8В≥Вс,53В≥Вс,55В≥Вс,1В≥Вс,6В≥Вс,35В≥Вс,24В≥Вс,7В≥Вс,13В≥Вс,5В≥Вс
ХФПР29,48В≥Вс,11В≥Вс,31В≥Вс,38В≥Вс,56В≥Вс,36В≥Вс,27В≥Вс,20В≥Вс,50В≥Вс,18В≥Вс,15В≥Вс,40В≥Вс,49В≥Вс,16В≥Вс,12В≥Вс,41В≥Вс,54В≥Вс,9В≥Вс,10В≥Вс,45В≥Вс,3В≥Вс,52В≥Вс,34В≥Вс,1В≥Вс,25В≥Вс,46В≥Вс,19В≥Вс,22В≥Вс,23В≥Вс,43В≥Вс,26В≥Вс,7В≥Вс,39В≥Вс,33В≥Вс,44В≥Вс,17В≥Вс,55В≥Вс,4В≥Вс,8В≥Вс,14В≥Вс,24В≥Вс,21В≥Вс,42В≥Вс,32В≥Вс,2В≥Вс,47В≥Вс,53В≥Вс,30В≥Вс,51В≥Вс,5В≥Вс,37В≥Вс,28В≥Вс,13В≥Вс,35В≥Вс,6В≥Вс
ХФПР30,48В≥Вс,9В≥Вс,54В≥Вс,38В≥Вс,50В≥Вс,51В≥Вс,8В≥Вс,40В≥Вс,41В≥Вс,23В≥Вс,18В≥Вс,3В≥Вс,22В≥Вс,15В≥Вс,45В≥Вс,20В≥Вс,10В≥Вс,56В≥Вс,19В≥Вс,27В≥Вс,49В≥Вс,53В≥Вс,25В≥Вс,42В≥Вс,21В≥Вс,2В≥Вс,17В≥Вс,31В≥Вс,39В≥Вс,36В≥Вс,46В≥Вс,52В≥Вс,55В≥Вс,37В≥Вс,34В≥Вс,26В≥Вс,16В≥Вс,43В≥Вс,4В≥Вс,1В≥Вс,44В≥Вс,30В≥Вс,12В≥Вс,24В≥Вс,13В≥Вс,33В≥Вс,14В≥Вс,7В≥Вс,32В≥Вс,11В≥Вс,28В≥Вс,47В≥Вс,6В≥Вс,5В≥Вс,29В≥Вс
ХФПР31,48В≥Вс,38В≥Вс,20В≥Вс,31В≥Вс,34В≥Вс,2В≥Вс,40В≥Вс,50В≥Вс,36В≥Вс,19В≥Вс,25В≥Вс,23В≥Вс,10В≥Вс,41В≥Вс,54В≥Вс,9В≥Вс,8В≥Вс,11В≥Вс,27В≥Вс,3В≥Вс,33В≥Вс,24В≥Вс,56В≥Вс,21В≥Вс,46В≥Вс,18В≥Вс,43В≥Вс,32В≥Вс,42В≥Вс,22В≥Вс,39В≥Вс,16В≥Вс,45В≥Вс,44В≥Вс,53В≥Вс,15В≥Вс,55В≥Вс,37В≥Вс,47В≥Вс,1В≥Вс,4В≥Вс,52В≥Вс,28В≥Вс,51В≥Вс,49В≥Вс,30В≥Вс,17В≥Вс,7В≥Вс,12В≥Вс,14В≥Вс,5В≥Вс,26В≥Вс,6В≥Вс,13В≥Вс,35В≥Вс
ХФПР32,38В≥Вс,48В≥Вс,54В≥Вс,9В≥Вс,39В≥Вс,46В≥Вс,20В≥Вс,42В≥Вс,56В≥Вс,36В≥Вс,40В≥Вс,50В≥Вс,49В≥Вс,3В≥Вс,25В≥Вс,21В≥Вс,31В≥Вс,10В≥Вс,23В≥Вс,19В≥Вс,22В≥Вс,18В≥Вс,53В≥Вс,34В≥Вс,26В≥Вс,55В≥Вс,41В≥Вс,7В≥Вс,43В≥Вс,44В≥Вс,27В≥Вс,32В≥Вс,2В≥Вс,45В≥Вс,17В≥Вс,24В≥Вс,12В≥Вс,16В≥Вс,15В≥Вс,51В≥Вс,28В≥Вс,11В≥Вс,13В≥Вс,4В≥Вс,33В≥Вс,47В≥Вс,52В≥Вс,8В≥Вс,1В≥Вс,30В≥Вс,37В≥Вс,6В≥Вс,14В≥Вс,5В≥Вс,35В≥Вс
ХФПР33,48В≥Вс,46В≥Вс,50В≥Вс,22В≥Вс,23В≥Вс,42В≥Вс,49В≥Вс,38В≥Вс,41В≥Вс,45В≥Вс,56В≥Вс,24В≥Вс,20В≥Вс,10В≥Вс,27В≥Вс,21В≥Вс,2В≥Вс,40В≥Вс,31В≥Вс,9В≥Вс,4В≥Вс,18В≥Вс,34В≥Вс,52В≥Вс,3В≥Вс,54В≥Вс,26В≥Вс,53В≥Вс,17В≥Вс,19В≥Вс,12В≥Вс,33В≥Вс,36В≥Вс,8В≥Вс,25В≥Вс,30В≥Вс,15В≥Вс,47В≥Вс,39В≥Вс,32В≥Вс,55В≥Вс,16В≥Вс,11В≥Вс,1В≥Вс,51В≥Вс,44В≥Вс,43В≥Вс,6В≥Вс,7В≥Вс,37В≥Вс,14В≥Вс,28В≥Вс,13В≥Вс,5В≥Вс,29В≥Вс
ХФПР34,31В≥Вс,48В≥Вс,40В≥Вс,44В≥Вс,50В≥Вс,32В≥Вс,10В≥Вс,25В≥Вс,38В≥Вс,24В≥Вс,19В≥Вс,9В≥Вс,20В≥Вс,22В≥Вс,41В≥Вс,56В≥Вс,49В≥Вс,46В≥Вс,27В≥Вс,18В≥Вс,23В≥Вс,45В≥Вс,21В≥Вс,39В≥Вс,54В≥Вс,3В≥Вс,26В≥Вс,16В≥Вс,17В≥Вс,2В≥Вс,12В≥Вс,36В≥Вс,42В≥Вс,55В≥Вс,52В≥Вс,8В≥Вс,53В≥Вс,30В≥Вс,28В≥Вс,47В≥Вс,43В≥Вс,33В≥Вс,34В≥Вс,1В≥Вс,15В≥Вс,4В≥Вс,14В≥Вс,51В≥Вс,11В≥Вс,37В≥Вс,29В≥Вс,13В≥Вс,7В≥Вс,6В≥Вс,35В≥Вс
ХФПР35,48В≥Вс,50В≥Вс,51В≥Вс,38В≥Вс,7В≥Вс,40В≥Вс,27В≥Вс,36В≥Вс,56В≥Вс,32В≥Вс,23В≥Вс,53В≥Вс,25В≥Вс,20В≥Вс,9В≥Вс,19В≥Вс,22В≥Вс,15В≥Вс,44В≥Вс,31В≥Вс,10В≥Вс,54В≥Вс,41В≥Вс,16В≥Вс,46В≥Вс,3В≥Вс,8В≥Вс,30В≥Вс,21В≥Вс,55В≥Вс,18В≥Вс,33В≥Вс,37В≥Вс,12В≥Вс,39В≥Вс,45В≥Вс,24В≥Вс,49В≥Вс,1В≥Вс,28В≥Вс,14В≥Вс,2В≥Вс,52В≥Вс,34В≥Вс,47В≥Вс,17В≥Вс,42В≥Вс,43В≥Вс,4В≥Вс,11В≥Вс,26В≥Вс,6В≥Вс,13В≥Вс,35В≥Вс,5В≥Вс
ХФПР36,38В≥Вс,48В≥Вс,39В≥Вс,34В≥Вс,41В≥Вс,23В≥Вс,22В≥Вс,3В≥Вс,54В≥Вс,31В≥Вс,20В≥Вс,26В≥Вс,10В≥Вс,50В≥Вс,21В≥Вс,40В≥Вс,9В≥Вс,19В≥Вс,45В≥Вс,37В≥Вс,27В≥Вс,56В≥Вс,36В≥Вс,18В≥Вс,8В≥Вс,44В≥Вс,46В≥Вс,55В≥Вс,12В≥Вс,42В≥Вс,32В≥Вс,25В≥Вс,16В≥Вс,17В≥Вс,47В≥Вс,49В≥Вс,2В≥Вс,1В≥Вс,4В≥Вс,15В≥Вс,11В≥Вс,51В≥Вс,53В≥Вс,33В≥Вс,24В≥Вс,52В≥Вс,14В≥Вс,7В≥Вс,13В≥Вс,43В≥Вс,6В≥Вс,30В≥Вс,28В≥Вс,29В≥Вс,5В≥Вс
ХФПР37,20В≥Вс,50В≥Вс,48В≥Вс,54В≥Вс,31В≥Вс,23В≥Вс,9В≥Вс,53В≥Вс,38В≥Вс,40В≥Вс,19В≥Вс,25В≥Вс,34В≥Вс,16В≥Вс,18В≥Вс,39В≥Вс,24В≥Вс,21В≥Вс,26В≥Вс,41В≥Вс,42В≥Вс,27В≥Вс,1В≥Вс,45В≥Вс,36В≥Вс,10В≥Вс,49В≥Вс,3В≥Вс,2В≥Вс,56В≥Вс,22В≥Вс,44В≥Вс,46В≥Вс,55В≥Вс,11В≥Вс,51В≥Вс,30В≥Вс,47В≥Вс,8В≥Вс,15В≥Вс,32В≥Вс,17В≥Вс,12В≥Вс,7В≥Вс,52В≥Вс,37В≥Вс,33В≥Вс,14В≥Вс,5В≥Вс,4В≥Вс,28В≥Вс,43В≥Вс,13В≥Вс,29В≥Вс,6В≥Вс
ХФПР38,50В≥Вс,48В≥Вс,42В≥Вс,54В≥Вс,55В≥Вс,10В≥Вс,56В≥Вс,20В≥Вс,8В≥Вс,49В≥Вс,23В≥Вс,31В≥Вс,22В≥Вс,40В≥Вс,27В≥Вс,43В≥Вс,24В≥Вс,41В≥Вс,21В≥Вс,38В≥Вс,51В≥Вс,47В≥Вс,11В≥Вс,34В≥Вс,15В≥Вс,36В≥Вс,30В≥Вс,9В≥Вс,46В≥Вс,25В≥Вс,28В≥Вс,4В≥Вс,1В≥Вс,2В≥Вс,17В≥Вс,6В≥Вс,39В≥Вс,7В≥Вс,45В≥Вс,18В≥Вс,32В≥Вс,19В≥Вс,3В≥Вс,53В≥Вс,44В≥Вс,52В≥Вс,16В≥Вс,12В≥Вс,37В≥Вс,26В≥Вс,33В≥Вс,14В≥Вс,29В≥Вс,13В≥Вс,35В≥Вс
ХФПР39,48В≥Вс,38В≥Вс,20В≥Вс,53В≥Вс,31В≥Вс,16В≥Вс,21В≥Вс,33В≥Вс,34В≥Вс,39В≥Вс,40В≥Вс,25В≥Вс,50В≥Вс,41В≥Вс,15В≥Вс,27В≥Вс,18В≥Вс,22В≥Вс,54В≥Вс,45В≥Вс,23В≥Вс,19В≥Вс,36В≥Вс,42В≥Вс,17В≥Вс,51В≥Вс,49В≥Вс,10В≥Вс,56В≥Вс,9В≥Вс,26В≥Вс,46В≥Вс,1В≥Вс,52В≥Вс,3В≥Вс,44В≥Вс,55В≥Вс,37В≥Вс,7В≥Вс,32В≥Вс,24В≥Вс,43В≥Вс,12В≥Вс,2В≥Вс,30В≥Вс,13В≥Вс,8В≥Вс,14В≥Вс,47В≥Вс,6В≥Вс,28В≥Вс,4В≥Вс,35В≥Вс,5В≥Вс,11В≥Вс
ХФПР40,48В≥Вс,8В≥Вс,16В≥Вс,20В≥Вс,34В≥Вс,31В≥Вс,11В≥Вс,1В≥Вс,38В≥Вс,50В≥Вс,45В≥Вс,47В≥Вс,40В≥Вс,15В≥Вс,23В≥Вс,54В≥Вс,10В≥Вс,25В≥Вс,22В≥Вс,56В≥Вс,46В≥Вс,49В≥Вс,3В≥Вс,41В≥Вс,9В≥Вс,21В≥Вс,36В≥Вс,19В≥Вс,17В≥Вс,32В≥Вс,14В≥Вс,18В≥Вс,12В≥Вс,27В≥Вс,53В≥Вс,35В≥Вс,26В≥Вс,44В≥Вс,39В≥Вс,24В≥Вс,55В≥Вс,51В≥Вс,37В≥Вс,42В≥Вс,52В≥Вс,43В≥Вс,28В≥Вс,30В≥Вс,2В≥Вс,4В≥Вс,33В≥Вс,13В≥Вс,7В≥Вс,6В≥Вс,5В≥Вс
ХФПР41,48В≥Вс,52В≥Вс,20В≥Вс,38В≥Вс,49В≥Вс,51В≥Вс,36В≥Вс,3В≥Вс,23В≥Вс,56В≥Вс,40В≥Вс,10В≥Вс,12В≥Вс,14В≥Вс,31В≥Вс,50В≥Вс,39В≥Вс,21В≥Вс,25В≥Вс,54В≥Вс,55В≥Вс,22В≥Вс,41В≥Вс,47В≥Вс,19В≥Вс,18В≥Вс,45В≥Вс,9В≥Вс,46В≥Вс,16В≥Вс,44В≥Вс,7В≥Вс,42В≥Вс,30В≥Вс,34В≥Вс,53В≥Вс,27В≥Вс,24В≥Вс,17В≥Вс,15В≥Вс,8В≥Вс,33В≥Вс,32В≥Вс,1В≥Вс,13В≥Вс,6В≥Вс,43В≥Вс,11В≥Вс,26В≥Вс,4В≥Вс,28В≥Вс,2В≥Вс,37В≥Вс,5В≥Вс,35В≥Вс
ХФПР42,48В≥Вс,51В≥Вс,23В≥Вс,39В≥Вс,38В≥Вс,27В≥Вс,50В≥Вс,16В≥Вс,20В≥Вс,40В≥Вс,54В≥Вс,18В≥Вс,21В≥Вс,56В≥Вс,46В≥Вс,9В≥Вс,22В≥Вс,25В≥Вс,30В≥Вс,19В≥Вс,4В≥Вс,45В≥Вс,31В≥Вс,1В≥Вс,10В≥Вс,36В≥Вс,41В≥Вс,17В≥Вс,8В≥Вс,32В≥Вс,42В≥Вс,52В≥Вс,3В≥Вс,26В≥Вс,11В≥Вс,44В≥Вс,49В≥Вс,43В≥Вс,53В≥Вс,24В≥Вс,37В≥Вс,34В≥Вс,55В≥Вс,14В≥Вс,15В≥Вс,6В≥Вс,7В≥Вс,12В≥Вс,47В≥Вс,13В≥Вс,2В≥Вс,33В≥Вс,28В≥Вс,35В≥Вс,5В≥Вс
ХФПР43,48В≥Вс,20В≥Вс,50В≥Вс,19В≥Вс,30В≥Вс,40В≥Вс,54В≥Вс,18В≥Вс,21В≥Вс,51В≥Вс,9В≥Вс,38В≥Вс,27В≥Вс,24В≥Вс,3В≥Вс,25В≥Вс,39В≥Вс,56В≥Вс,41В≥Вс,22В≥Вс,36В≥Вс,16В≥Вс,31В≥Вс,8В≥Вс,49В≥Вс,23В≥Вс,42В≥Вс,32В≥Вс,10В≥Вс,46В≥Вс,15В≥Вс,52В≥Вс,33В≥Вс,7В≥Вс,12В≥Вс,17В≥Вс,1В≥Вс,37В≥Вс,44В≥Вс,45В≥Вс,34В≥Вс,4В≥Вс,26В≥Вс,53В≥Вс,43В≥Вс,2В≥Вс,47В≥Вс,6В≥Вс,55В≥Вс,11В≥Вс,35В≥Вс,14В≥Вс,28В≥Вс,13В≥Вс,5В≥Вс
ХФПР44,48В≥Вс,40В≥Вс,54В≥Вс,38В≥Вс,50В≥Вс,12В≥Вс,20В≥Вс,41В≥Вс,31В≥Вс,10В≥Вс,51В≥Вс,27В≥Вс,25В≥Вс,45В≥Вс,22В≥Вс,34В≥Вс,56В≥Вс,23В≥Вс,16В≥Вс,9В≥Вс,42В≥Вс,1В≥Вс,33В≥Вс,43В≥Вс,19В≥Вс,17В≥Вс,44В≥Вс,55В≥Вс,21В≥Вс,30В≥Вс,49В≥Вс,3В≥Вс,52В≥Вс,46В≥Вс,8В≥Вс,37В≥Вс,36В≥Вс,18В≥Вс,39В≥Вс,26В≥Вс,15В≥Вс,2В≥Вс,32В≥Вс,47В≥Вс,4В≥Вс,24В≥Вс,28В≥Вс,7В≥Вс,11В≥Вс,13В≥Вс,35В≥Вс,53В≥Вс,29В≥Вс,5В≥Вс,6В≥Вс
ХФПР45,40В≥Вс,48В≥Вс,46В≥Вс,50В≥Вс,8В≥Вс,27В≥Вс,38В≥Вс,20В≥Вс,22В≥Вс,23В≥Вс,16В≥Вс,36В≥Вс,3В≥Вс,54В≥Вс,19В≥Вс,7В≥Вс,9В≥Вс,31В≥Вс,41В≥Вс,10В≥Вс,15В≥Вс,30В≥Вс,25В≥Вс,13В≥Вс,34В≥Вс,21В≥Вс,45В≥Вс,49В≥Вс,17В≥Вс,1В≥Вс,44В≥Вс,26В≥Вс,56В≥Вс,24В≥Вс,47В≥Вс,12В≥Вс,52В≥Вс,51В≥Вс,43В≥Вс,42В≥Вс,11В≥Вс,4В≥Вс,32В≥Вс,53В≥Вс,18В≥Вс,39В≥Вс,2В≥Вс,55В≥Вс,37В≥Вс,14В≥Вс,33В≥Вс,28В≥Вс,35В≥Вс,6В≥Вс,5В≥Вс
ХФПР46,48В≥Вс,38В≥Вс,20В≥Вс,10В≥Вс,50В≥Вс,9В≥Вс,2В≥Вс,49В≥Вс,31В≥Вс,7В≥Вс,23В≥Вс,39В≥Вс,18В≥Вс,12В≥Вс,21В≥Вс,46В≥Вс,16В≥Вс,47В≥Вс,34В≥Вс,3В≥Вс,30В≥Вс,33В≥Вс,40В≥Вс,56В≥Вс,27В≥Вс,42В≥Вс,41В≥Вс,22В≥Вс,19В≥Вс,32В≥Вс,54В≥Вс,5В≥Вс,36В≥Вс,17В≥Вс,14В≥Вс,25В≥Вс,4В≥Вс,44В≥Вс,52В≥Вс,15В≥Вс,24В≥Вс,28В≥Вс,1В≥Вс,55В≥Вс,45В≥Вс,11В≥Вс,8В≥Вс,13В≥Вс,51В≥Вс,53В≥Вс,43В≥Вс,26В≥Вс,37В≥Вс,35В≥Вс,6В≥Вс
ХФПР47,48В≥Вс,10В≥Вс,23В≥Вс,31В≥Вс,32В≥Вс,41В≥Вс,20В≥Вс,40В≥Вс,36В≥Вс,50В≥Вс,19В≥Вс,38В≥Вс,45В≥Вс,3В≥Вс,2В≥Вс,9В≥Вс,46В≥Вс,22В≥Вс,4В≥Вс,56В≥Вс,54В≥Вс,8В≥Вс,44В≥Вс,34В≥Вс,27В≥Вс,25В≥Вс,33В≥Вс,7В≥Вс,1В≥Вс,55В≥Вс,15В≥Вс,53В≥Вс,21В≥Вс,39В≥Вс,13В≥Вс,16В≥Вс,52В≥Вс,49В≥Вс,18В≥Вс,17В≥Вс,14В≥Вс,26В≥Вс,30В≥Вс,43В≥Вс,42В≥Вс,12В≥Вс,11В≥Вс,29В≥Вс,28В≥Вс,37В≥Вс,47В≥Вс,51В≥Вс,6В≥Вс,5В≥Вс,24В≥Вс
ХФПР48,48В≥Вс,45В≥Вс,16В≥Вс,53В≥Вс,17В≥Вс,50В≥Вс,20В≥Вс,43В≥Вс,9В≥Вс,36В≥Вс,18В≥Вс,46В≥Вс,15В≥Вс,52В≥Вс,27В≥Вс,54В≥Вс,39В≥Вс,44В≥Вс,25В≥Вс,40В≥Вс,49В≥Вс,3В≥Вс,23В≥Вс,33В≥Вс,21В≥Вс,38В≥Вс,22В≥Вс,19В≥Вс,31В≥Вс,30В≥Вс,51В≥Вс,56В≥Вс,10В≥Вс,41В≥Вс,55В≥Вс,4В≥Вс,26В≥Вс,24В≥Вс,34В≥Вс,47В≥Вс,1В≥Вс,12В≥Вс,42В≥Вс,11В≥Вс,2В≥Вс,32В≥Вс,7В≥Вс,28В≥Вс,14В≥Вс,37В≥Вс,8В≥Вс,13В≥Вс,6В≥Вс,5В≥Вс,35В≥Вс
ХФПР49,48В≥Вс,19В≥Вс,20В≥Вс,51В≥Вс,41В≥Вс,36В≥Вс,38В≥Вс,9В≥Вс,21В≥Вс,39В≥Вс,50В≥Вс,56В≥Вс,23В≥Вс,45В≥Вс,10В≥Вс,25В≥Вс,15В≥Вс,31В≥Вс,22В≥Вс,40В≥Вс,46В≥Вс,28В≥Вс,4В≥Вс,49В≥Вс,27В≥Вс,17В≥Вс,54В≥Вс,32В≥Вс,44В≥Вс,18В≥Вс,33В≥Вс,43В≥Вс,3В≥Вс,8В≥Вс,30В≥Вс,16В≥Вс,1В≥Вс,2В≥Вс,12В≥Вс,42В≥Вс,7В≥Вс,55В≥Вс,24В≥Вс,52В≥Вс,13В≥Вс,11В≥Вс,53В≥Вс,34В≥Вс,37В≥Вс,47В≥Вс,26В≥Вс,35В≥Вс,6В≥Вс,5В≥Вс,14В≥Вс
ХФПР50,48В≥Вс,19В≥Вс,54В≥Вс,50В≥Вс,20В≥Вс,46В≥Вс,41В≥Вс,38В≥Вс,23В≥Вс,31В≥Вс,33В≥Вс,4В≥Вс,36В≥Вс,44В≥Вс,40В≥Вс,8В≥Вс,22В≥Вс,9В≥Вс,34В≥Вс,25В≥Вс,17В≥Вс,56В≥Вс,21В≥Вс,16В≥Вс,1В≥Вс,26В≥Вс,47В≥Вс,2В≥Вс,39В≥Вс,49В≥Вс,32В≥Вс,53В≥Вс,18В≥Вс,12В≥Вс,10В≥Вс,30В≥Вс,42В≥Вс,15В≥Вс,27В≥Вс,55В≥Вс,13В≥Вс,7В≥Вс,52В≥Вс,3В≥Вс,45В≥Вс,28В≥Вс,24В≥Вс,51В≥Вс,37В≥Вс,35В≥Вс,43В≥Вс,11В≥Вс,14В≥Вс,5В≥Вс,6В≥Вс
ХФПР51,41В≥Вс,48В≥Вс,19В≥Вс,38В≥Вс,40В≥Вс,34В≥Вс,36В≥Вс,20В≥Вс,23В≥Вс,54В≥Вс,44В≥Вс,51В≥Вс,31В≥Вс,10В≥Вс,50В≥Вс,16В≥Вс,42В≥Вс,25В≥Вс,53В≥Вс,37В≥Вс,27В≥Вс,17В≥Вс,3В≥Вс,2В≥Вс,4В≥Вс,52В≥Вс,46В≥Вс,9В≥Вс,45В≥Вс,21В≥Вс,33В≥Вс,1В≥Вс,11В≥Вс,49В≥Вс,56В≥Вс,32В≥Вс,18В≥Вс,15В≥Вс,26В≥Вс,39В≥Вс,22В≥Вс,8В≥Вс,55В≥Вс,30В≥Вс,28В≥Вс,7В≥Вс,24В≥Вс,14В≥Вс,12В≥Вс,47В≥Вс,43В≥Вс,13В≥Вс,6В≥Вс,29В≥Вс,5В≥Вс
ХФПР52,48В≥Вс,20В≥Вс,45В≥Вс,38В≥Вс,18В≥Вс,50В≥Вс,21В≥Вс,9В≥Вс,52В≥Вс,3В≥Вс,54В≥Вс,40В≥Вс,43В≥Вс,19В≥Вс,31В≥Вс,1В≥Вс,10В≥Вс,56В≥Вс,4В≥Вс,37В≥Вс,27В≥Вс,15В≥Вс,16В≥Вс,41В≥Вс,25В≥Вс,23В≥Вс,34В≥Вс,46В≥Вс,49В≥Вс,44В≥Вс,53В≥Вс,36В≥Вс,39В≥Вс,55В≥Вс,22В≥Вс,32В≥Вс,11В≥Вс,47В≥Вс,13В≥Вс,33В≥Вс,17В≥Вс,30В≥Вс,12В≥Вс,8В≥Вс,28В≥Вс,42В≥Вс,26В≥Вс,2В≥Вс,14В≥Вс,51В≥Вс,24В≥Вс,7В≥Вс,6В≥Вс,5В≥Вс,35В≥Вс
ХФПР53,48В≥Вс,25В≥Вс,41В≥Вс,19В≥Вс,40В≥Вс,20В≥Вс,38В≥Вс,43В≥Вс,36В≥Вс,53В≥Вс,39В≥Вс,13В≥Вс,3В≥Вс,52В≥Вс,50В≥Вс,21В≥Вс,23В≥Вс,12В≥Вс,9В≥Вс,27В≥Вс,55В≥Вс,29В≥Вс,10В≥Вс,32В≥Вс,56В≥Вс,16В≥Вс,37В≥Вс,54В≥Вс,7В≥Вс,31В≥Вс,33В≥Вс,49В≥Вс,44В≥Вс,26В≥Вс,22В≥Вс,18В≥Вс,4В≥Вс,15В≥Вс,8В≥Вс,45В≥Вс,46В≥Вс,47В≥Вс,14В≥Вс,2В≥Вс,34В≥Вс,17В≥Вс,1В≥Вс,51В≥Вс,42В≥Вс,28В≥Вс,11В≥Вс,6В≥Вс,5В≥Вс,24В≥Вс,30В≥Вс
ХФПР54,48В≥Вс,38В≥Вс,23В≥Вс,54В≥Вс,34В≥Вс,49В≥Вс,50В≥Вс,12В≥Вс,56В≥Вс,21В≥Вс,10В≥Вс,18В≥Вс,8В≥Вс,15В≥Вс,45В≥Вс,31В≥Вс,20В≥Вс,46В≥Вс,9В≥Вс,41В≥Вс,27В≥Вс,51В≥Вс,2В≥Вс,19В≥Вс,40В≥Вс,36В≥Вс,52В≥Вс,25В≥Вс,3В≥Вс,1В≥Вс,16В≥Вс,39В≥Вс,42В≥Вс,4В≥Вс,22В≥Вс,44В≥Вс,6В≥Вс,55В≥Вс,33В≥Вс,30В≥Вс,17В≥Вс,7В≥Вс,32В≥Вс,11В≥Вс,24В≥Вс,37В≥Вс,28В≥Вс,47В≥Вс,53В≥Вс,14В≥Вс,26В≥Вс,43В≥Вс,13В≥Вс,5В≥Вс,35В≥Вс
ХФПР55,48В≥Вс,40В≥Вс,50В≥Вс,46В≥Вс,56В≥Вс,15В≥Вс,38В≥Вс,51В≥Вс,36В≥Вс,3В≥Вс,25В≥Вс,31В≥Вс,20В≥Вс,24В≥Вс,37В≥Вс,54В≥Вс,45В≥Вс,44В≥Вс,16В≥Вс,23В≥Вс,10В≥Вс,27В≥Вс,19В≥Вс,55В≥Вс,34В≥Вс,21В≥Вс,22В≥Вс,41В≥Вс,32В≥Вс,12В≥Вс,1В≥Вс,33В≥Вс,2В≥Вс,4В≥Вс,9В≥Вс,49В≥Вс,53В≥Вс,42В≥Вс,18В≥Вс,11В≥Вс,52В≥Вс,17В≥Вс,39В≥Вс,30В≥Вс,47В≥Вс,28В≥Вс,26В≥Вс,43В≥Вс,8В≥Вс,7В≥Вс,6В≥Вс,14В≥Вс,29В≥Вс,13В≥Вс,35В≥Вс
ХФПР56,48В≥Вс,20В≥Вс,16В≥Вс,45В≥Вс,50В≥Вс,21В≥Вс,23В≥Вс,41В≥Вс,22В≥Вс,38В≥Вс,56В≥Вс,9В≥Вс,27В≥Вс,40В≥Вс,52В≥Вс,53В≥Вс,31В≥Вс,46В≥Вс,10В≥Вс,36В≥Вс,44В≥Вс,8В≥Вс,19В≥Вс,25В≥Вс,14В≥Вс,18В≥Вс,2В≥Вс,49В≥Вс,15В≥Вс,33В≥Вс,3В≥Вс,51В≥Вс,30В≥Вс,42В≥Вс,17В≥Вс,54В≥Вс,55В≥Вс,1В≥Вс,34В≥Вс,32В≥Вс,28В≥Вс,39В≥Вс,4В≥Вс,37В≥Вс,43В≥Вс,26В≥Вс,47В≥Вс,7В≥Вс,12В≥Вс,24В≥Вс,11В≥Вс,35В≥Вс,6В≥Вс,13В≥Вс,5В≥Вс
ХФПР57,16В≥Вс,48В≥Вс,46В≥Вс,10В≥Вс,52В≥Вс,31В≥Вс,40В≥Вс,36В≥Вс,1В≥Вс,20В≥Вс,18В≥Вс,14В≥Вс,50В≥Вс,8В≥Вс,54В≥Вс,23В≥Вс,9В≥Вс,38В≥Вс,19В≥Вс,27В≥Вс,21В≥Вс,25В≥Вс,51В≥Вс,39В≥Вс,56В≥Вс,49В≥Вс,37В≥Вс,53В≥Вс,24В≥Вс,22В≥Вс,4В≥Вс,42В≥Вс,45В≥Вс,30В≥Вс,41В≥Вс,11В≥Вс,55В≥Вс,44В≥Вс,32В≥Вс,43В≥Вс,5В≥Вс,47В≥Вс,17В≥Вс,12В≥Вс,3В≥Вс,33В≥Вс,15В≥Вс,34В≥Вс,28В≥Вс,26В≥Вс,2В≥Вс,7В≥Вс,29В≥Вс,35В≥Вс,13В≥Вс
ХФПР58,48В≥Вс,36В≥Вс,44В≥Вс,20В≥Вс,2В≥Вс,50В≥Вс,56В≥Вс,40В≥Вс,16В≥Вс,52В≥Вс,25В≥Вс,27В≥Вс,54В≥Вс,31В≥Вс,46В≥Вс,1В≥Вс,49В≥Вс,19В≥Вс,9В≥Вс,39В≥Вс,4В≥Вс,45В≥Вс,10В≥Вс,38В≥Вс,18В≥Вс,23В≥Вс,34В≥Вс,47В≥Вс,42В≥Вс,12В≥Вс,17В≥Вс,3В≥Вс,22В≥Вс,15В≥Вс,28В≥Вс,8В≥Вс,21В≥Вс,26В≥Вс,33В≥Вс,55В≥Вс,30В≥Вс,53В≥Вс,43В≥Вс,37В≥Вс,24В≥Вс,41В≥Вс,11В≥Вс,32В≥Вс,51В≥Вс,14В≥Вс,13В≥Вс,7В≥Вс,5В≥Вс,6В≥Вс,35В≥Вс
ХФПР59,48В≥Вс,22В≥Вс,45В≥Вс,46В≥Вс,50В≥Вс,56В≥Вс,23В≥Вс,26В≥Вс,19В≥Вс,43В≥Вс,52В≥Вс,40В≥Вс,47В≥Вс,36В≥Вс,42В≥Вс,38В≥Вс,44В≥Вс,27В≥Вс,20В≥Вс,39В≥Вс,31В≥Вс,12В≥Вс,3В≥Вс,34В≥Вс,9В≥Вс,16В≥Вс,10В≥Вс,21В≥Вс,54В≥Вс,41В≥Вс,15В≥Вс,2В≥Вс,8В≥Вс,55В≥Вс,25В≥Вс,4В≥Вс,24В≥Вс,49В≥Вс,7В≥Вс,32В≥Вс,18В≥Вс,33В≥Вс,1В≥Вс,53В≥Вс,17В≥Вс,11В≥Вс,37В≥Вс,51В≥Вс,14В≥Вс,28В≥Вс,6В≥Вс,30В≥Вс,5В≥Вс,35В≥Вс,13В≥Вс
ХФПР60,48В≥Вс,41В≥Вс,50В≥Вс,25В≥Вс,27В≥Вс,38В≥Вс,12В≥Вс,36В≥Вс,8В≥Вс,54В≥Вс,31В≥Вс,37В≥Вс,40В≥Вс,20В≥Вс,3В≥Вс,10В≥Вс,23В≥Вс,45В≥Вс,11В≥Вс,56В≥Вс,19В≥Вс,21В≥Вс,28В≥Вс,49В≥Вс,16В≥Вс,9В≥Вс,22В≥Вс,13В≥Вс,5В≥Вс,55В≥Вс,39В≥Вс,46В≥Вс,53В≥Вс,52В≥Вс,42В≥Вс,17В≥Вс,43В≥Вс,44В≥Вс,1В≥Вс,32В≥Вс,51В≥Вс,33В≥Вс,15В≥Вс,4В≥Вс,18В≥Вс,24В≥Вс,26В≥Вс,34В≥Вс,7В≥Вс,14В≥Вс,2В≥Вс,30В≥Вс,47В≥Вс,29В≥Вс,6В≥Вс
ХФПР61,48В≥Вс,21В≥Вс,50В≥Вс,23В≥Вс,20В≥Вс,38В≥Вс,9В≥Вс,39В≥Вс,40В≥Вс,43В≥Вс,54В≥Вс,56В≥Вс,31В≥Вс,25В≥Вс,10В≥Вс,41В≥Вс,46В≥Вс,27В≥Вс,15В≥Вс,53В≥Вс,45В≥Вс,33В≥Вс,18В≥Вс,44В≥Вс,35В≥Вс,42В≥Вс,4В≥Вс,14В≥Вс,49В≥Вс,3В≥Вс,37В≥Вс,34В≥Вс,36В≥Вс,51В≥Вс,6В≥Вс,16В≥Вс,22В≥Вс,19В≥Вс,30В≥Вс,1В≥Вс,55В≥Вс,17В≥Вс,47В≥Вс,26В≥Вс,2В≥Вс,11В≥Вс,32В≥Вс,8В≥Вс,7В≥Вс,12В≥Вс,52В≥Вс,24В≥Вс,28В≥Вс,5В≥Вс,13В≥Вс
ХФПР62,25В≥Вс,48В≥Вс,21В≥Вс,44В≥Вс,49В≥Вс,31В≥Вс,50В≥Вс,23В≥Вс,18В≥Вс,36В≥Вс,56В≥Вс,3В≥Вс,20В≥Вс,27В≥Вс,26В≥Вс,40В≥Вс,38В≥Вс,41В≥Вс,52В≥Вс,10В≥Вс,45В≥Вс,9В≥Вс,54В≥Вс,16В≥Вс,19В≥Вс,42В≥Вс,34В≥Вс,32В≥Вс,12В≥Вс,8В≥Вс,46В≥Вс,51В≥Вс,55В≥Вс,2В≥Вс,15В≥Вс,39В≥Вс,28В≥Вс,22В≥Вс,30В≥Вс,24В≥Вс,35В≥Вс,33В≥Вс,7В≥Вс,53В≥Вс,17В≥Вс,47В≥Вс,11В≥Вс,1В≥Вс,13В≥Вс,37В≥Вс,43В≥Вс,14В≥Вс,4В≥Вс,29В≥Вс,6В≥Вс
ХФПР63,31В≥Вс,48В≥Вс,38В≥Вс,17В≥Вс,30В≥Вс,54В≥Вс,50В≥Вс,12В≥Вс,56В≥Вс,18В≥Вс,36В≥Вс,8В≥Вс,20В≥Вс,10В≥Вс,40В≥Вс,9В≥Вс,46В≥Вс,21В≥Вс,25В≥Вс,42В≥Вс,33В≥Вс,23В≥Вс,49В≥Вс,16В≥Вс,22В≥Вс,2В≥Вс,39В≥Вс,27В≥Вс,43В≥Вс,51В≥Вс,34В≥Вс,3В≥Вс,15В≥Вс,19В≥Вс,4В≥Вс,55В≥Вс,32В≥Вс,7В≥Вс,52В≥Вс,41В≥Вс,1В≥Вс,24В≥Вс,45В≥Вс,14В≥Вс,37В≥Вс,44В≥Вс,53В≥Вс,35В≥Вс,13В≥Вс,26В≥Вс,11В≥Вс,47В≥Вс,28В≥Вс,5В≥Вс,6В≥Вс
ХФПР64,48В≥Вс,50В≥Вс,40В≥Вс,38В≥Вс,52В≥Вс,17В≥Вс,54В≥Вс,10В≥Вс,27В≥Вс,4В≥Вс,21В≥Вс,31В≥Вс,20В≥Вс,46В≥Вс,23В≥Вс,19В≥Вс,39В≥Вс,53В≥Вс,55В≥Вс,36В≥Вс,43В≥Вс,47В≥Вс,14В≥Вс,56В≥Вс,18В≥Вс,44В≥Вс,41В≥Вс,22В≥Вс,25В≥Вс,45В≥Вс,9В≥Вс,8В≥Вс,3В≥Вс,24В≥Вс,34В≥Вс,32В≥Вс,49В≥Вс,16В≥Вс,15В≥Вс,6В≥Вс,2В≥Вс,1В≥Вс,12В≥Вс,33В≥Вс,26В≥Вс,28В≥Вс,37В≥Вс,51В≥Вс,7В≥Вс,42В≥Вс,30В≥Вс,11В≥Вс,35В≥Вс,13В≥Вс,29В≥Вс
ХФПР65,27В≥Вс,48В≥Вс,38В≥Вс,8В≥Вс,9В≥Вс,40В≥Вс,50В≥Вс,19В≥Вс,16В≥Вс,32В≥Вс,23В≥Вс,47В≥Вс,36В≥Вс,20В≥Вс,56В≥Вс,25В≥Вс,15В≥Вс,10В≥Вс,54В≥Вс,31В≥Вс,18В≥Вс,21В≥Вс,42В≥Вс,46В≥Вс,51В≥Вс,39В≥Вс,41В≥Вс,22В≥Вс,26В≥Вс,49В≥Вс,45В≥Вс,52В≥Вс,55В≥Вс,17В≥Вс,2В≥Вс,13В≥Вс,34В≥Вс,53В≥Вс,1В≥Вс,7В≥Вс,44В≥Вс,12В≥Вс,3В≥Вс,33В≥Вс,43В≥Вс,37В≥Вс,30В≥Вс,14В≥Вс,4В≥Вс,24В≥Вс,11В≥Вс,6В≥Вс,35В≥Вс,28В≥Вс,29В≥Вс
ХФПР66,48В≥Вс,40В≥Вс,27В≥Вс,49В≥Вс,31В≥Вс,38В≥Вс,44В≥Вс,1В≥Вс,19В≥Вс,54В≥Вс,20В≥Вс,50В≥Вс,9В≥Вс,46В≥Вс,55В≥Вс,10В≥Вс,18В≥Вс,56В≥Вс,25В≥Вс,15В≥Вс,8В≥Вс,36В≥Вс,23В≥Вс,41В≥Вс,3В≥Вс,45В≥Вс,22В≥Вс,34В≥Вс,16В≥Вс,53В≥Вс,51В≥Вс,52В≥Вс,42В≥Вс,7В≥Вс,43В≥Вс,4В≥Вс,30В≥Вс,12В≥Вс,47В≥Вс,21В≥Вс,14В≥Вс,26В≥Вс,28В≥Вс,17В≥Вс,33В≥Вс,24В≥Вс,39В≥Вс,35В≥Вс,32В≥Вс,2В≥Вс,37В≥Вс,11В≥Вс,6В≥Вс,13В≥Вс,5В≥Вс
ХФПР67,39В≥Вс,48В≥Вс,23В≥Вс,54В≥Вс,25В≥Вс,3В≥Вс,49В≥Вс,56В≥Вс,27В≥Вс,18В≥Вс,9В≥Вс,19В≥Вс,50В≥Вс,22В≥Вс,40В≥Вс,31В≥Вс,17В≥Вс,45В≥Вс,44В≥Вс,52В≥Вс,51В≥Вс,20В≥Вс,38В≥Вс,21В≥Вс,37В≥Вс,10В≥Вс,36В≥Вс,42В≥Вс,41В≥Вс,46В≥Вс,16В≥Вс,24В≥Вс,12В≥Вс,33В≥Вс,1В≥Вс,30В≥Вс,55В≥Вс,15В≥Вс,34В≥Вс,2В≥Вс,8В≥Вс,4В≥Вс,32В≥Вс,53В≥Вс,7В≥Вс,26В≥Вс,14В≥Вс,28В≥Вс,11В≥Вс,47В≥Вс,43В≥Вс,13В≥Вс,29В≥Вс,35В≥Вс,5В≥Вс
ХФПР68,48В≥Вс,44В≥Вс,9В≥Вс,23В≥Вс,36В≥Вс,20В≥Вс,38В≥Вс,22В≥Вс,41В≥Вс,45В≥Вс,39В≥Вс,54В≥Вс,31В≥Вс,2В≥Вс,40В≥Вс,50В≥Вс,53В≥Вс,19В≥Вс,25В≥Вс,30В≥Вс,26В≥Вс,42В≥Вс,43В≥Вс,24В≥Вс,17В≥Вс,12В≥Вс,3В≥Вс,27В≥Вс,47В≥Вс,56В≥Вс,32В≥Вс,18В≥Вс,10В≥Вс,52В≥Вс,16В≥Вс,46В≥Вс,15В≥Вс,7В≥Вс,21В≥Вс,55В≥Вс,49В≥Вс,4В≥Вс,51В≥Вс,6В≥Вс,8В≥Вс,34В≥Вс,11В≥Вс,37В≥Вс,1В≥Вс,14В≥Вс,33В≥Вс,13В≥Вс,28В≥Вс,5В≥Вс,35В≥Вс
ХФПР69,48В≥Вс,56В≥Вс,40В≥Вс,38В≥Вс,10В≥Вс,52В≥Вс,15В≥Вс,54В≥Вс,49В≥Вс,20В≥Вс,31В≥Вс,45В≥Вс,4В≥Вс,50В≥Вс,16В≥Вс,41В≥Вс,28В≥Вс,23В≥Вс,3В≥Вс,22В≥Вс,19В≥Вс,36В≥Вс,9В≥Вс,46В≥Вс,27В≥Вс,25В≥Вс,39В≥Вс,44В≥Вс,32В≥Вс,51В≥Вс,21В≥Вс,55В≥Вс,2В≥Вс,12В≥Вс,33В≥Вс,53В≥Вс,8В≥Вс,42В≥Вс,18В≥Вс,37В≥Вс,17В≥Вс,34В≥Вс,43В≥Вс,30В≥Вс,47В≥Вс,26В≥Вс,24В≥Вс,1В≥Вс,7В≥Вс,11В≥Вс,13В≥Вс,14В≥Вс,6В≥Вс,5В≥Вс,29В≥Вс
ХФПР70,48В≥Вс,23В≥Вс,20В≥Вс,38В≥Вс,44В≥Вс,4В≥Вс,50В≥Вс,36В≥Вс,40В≥Вс,33В≥Вс,27В≥Вс,9В≥Вс,10В≥Вс,21В≥Вс,25В≥Вс,54В≥Вс,22В≥Вс,52В≥Вс,49В≥Вс,17В≥Вс,14В≥Вс,41В≥Вс,31В≥Вс,56В≥Вс,46В≥Вс,3В≥Вс,42В≥Вс,37В≥Вс,19В≥Вс,32В≥Вс,39В≥Вс,18В≥Вс,53В≥Вс,8В≥Вс,47В≥Вс,30В≥Вс,34В≥Вс,45В≥Вс,16В≥Вс,15В≥Вс,51В≥Вс,7В≥Вс,2В≥Вс,43В≥Вс,1В≥Вс,12В≥Вс,55В≥Вс,28В≥Вс,5В≥Вс,13В≥Вс,26В≥Вс,6В≥Вс,24В≥Вс,11В≥Вс,29В≥Вс
ХФПР71,48В≥Вс,9В≥Вс,23В≥Вс,34В≥Вс,40В≥Вс,25В≥Вс,11В≥Вс,22В≥Вс,4В≥Вс,50В≥Вс,10В≥Вс,46В≥Вс,55В≥Вс,49В≥Вс,38В≥Вс,20В≥Вс,36В≥Вс,16В≥Вс,19В≥Вс,18В≥Вс,44В≥Вс,27В≥Вс,54В≥Вс,33В≥Вс,37В≥Вс,56В≥Вс,3В≥Вс,13В≥Вс,31В≥Вс,43В≥Вс,8В≥Вс,42В≥Вс,52В≥Вс,41В≥Вс,39В≥Вс,51В≥Вс,21В≥Вс,12В≥Вс,30В≥Вс,47В≥Вс,17В≥Вс,15В≥Вс,1В≥Вс,32В≥Вс,26В≥Вс,45В≥Вс,6В≥Вс,28В≥Вс,53В≥Вс,24В≥Вс,2В≥Вс,7В≥Вс,14В≥Вс,5В≥Вс,29В≥Вс
ХФПР72,48В≥Вс,10В≥Вс,23В≥Вс,42В≥Вс,9В≥Вс,3В≥Вс,20В≥Вс,54В≥Вс,2В≥Вс,55В≥Вс,38В≥Вс,53В≥Вс,40В≥Вс,25В≥Вс,27В≥Вс,32В≥Вс,36В≥Вс,12В≥Вс,50В≥Вс,49В≥Вс,46В≥Вс,17В≥Вс,45В≥Вс,22В≥Вс,31В≥Вс,43В≥Вс,34В≥Вс,41В≥Вс,19В≥Вс,1В≥Вс,33В≥Вс,21В≥Вс,15В≥Вс,26В≥Вс,18В≥Вс,16В≥Вс,52В≥Вс,28В≥Вс,44В≥Вс,56В≥Вс,37В≥Вс,51В≥Вс,14В≥Вс,30В≥Вс,8В≥Вс,39В≥Вс,47В≥Вс,4В≥Вс,24В≥Вс,11В≥Вс,7В≥Вс,5В≥Вс,13В≥Вс,35В≥Вс,29В≥Вс
ХФПР73,38В≥Вс,48В≥Вс,36В≥Вс,34В≥Вс,46В≥Вс,20В≥Вс,27В≥Вс,40В≥Вс,50В≥Вс,31В≥Вс,21В≥Вс,14В≥Вс,2В≥Вс,23В≥Вс,10В≥Вс,32В≥Вс,54В≥Вс,56В≥Вс,52В≥Вс,45В≥Вс,19В≥Вс,41В≥Вс,25В≥Вс,3В≥Вс,22В≥Вс,12В≥Вс,16В≥Вс,18В≥Вс,15В≥Вс,9В≥Вс,44В≥Вс,17В≥Вс,47В≥Вс,39В≥Вс,53В≥Вс,7В≥Вс,49В≥Вс,37В≥Вс,51В≥Вс,8В≥Вс,4В≥Вс,11В≥Вс,30В≥Вс,24В≥Вс,1В≥Вс,42В≥Вс,28В≥Вс,55В≥Вс,26В≥Вс,35В≥Вс,33В≥Вс,43В≥Вс,13В≥Вс,6В≥Вс,29В≥Вс
ХФПР74,48В≥Вс,20В≥Вс,50В≥Вс,10В≥Вс,54В≥Вс,21В≥Вс,39В≥Вс,30В≥Вс,38В≥Вс,16В≥Вс,23В≥Вс,9В≥Вс,36В≥Вс,32В≥Вс,31В≥Вс,56В≥Вс,8В≥Вс,18В≥Вс,25В≥Вс,40В≥Вс,45В≥Вс,46В≥Вс,3В≥Вс,22В≥Вс,51В≥Вс,41В≥Вс,53В≥Вс,6В≥Вс,12В≥Вс,19В≥Вс,52В≥Вс,27В≥Вс,15В≥Вс,34В≥Вс,33В≥Вс,44В≥Вс,4В≥Вс,55В≥Вс,49В≥Вс,42В≥Вс,2В≥Вс,14В≥Вс,43В≥Вс,17В≥Вс,1В≥Вс,24В≥Вс,7В≥Вс,13В≥Вс,26В≥Вс,28В≥Вс,5В≥Вс,47В≥Вс,11В≥Вс,37В≥Вс,35В≥Вс
ХФПР75,48В≥Вс,54В≥Вс,21В≥Вс,56В≥Вс,40В≥Вс,20В≥Вс,50В≥Вс,19В≥Вс,16В≥Вс,9В≥Вс,4В≥Вс,23В≥Вс,38В≥Вс,25В≥Вс,52В≥Вс,27В≥Вс,31В≥Вс,15В≥Вс,36В≥Вс,55В≥Вс,10В≥Вс,45В≥Вс,5В≥Вс,24В≥Вс,34В≥Вс,22В≥Вс,17В≥Вс,49В≥Вс,43В≥Вс,44В≥Вс,39В≥Вс,41В≥Вс,3В≥Вс,46В≥Вс,26В≥Вс,47В≥Вс,8В≥Вс,32В≥Вс,1В≥Вс,2В≥Вс,33В≥Вс,18В≥Вс,12В≥Вс,37В≥Вс,53В≥Вс,28В≥Вс,42В≥Вс,7В≥Вс,30В≥Вс,51В≥Вс,14В≥Вс,11В≥Вс,6В≥Вс,29В≥Вс,35В≥Вс
ХФПР76,48В≥Вс,50В≥Вс,54В≥Вс,1В≥Вс,40В≥Вс,25В≥Вс,43В≥Вс,38В≥Вс,49В≥Вс,20В≥Вс,36В≥Вс,18В≥Вс,9В≥Вс,53В≥Вс,23В≥Вс,27В≥Вс,19В≥Вс,8В≥Вс,21В≥Вс,31В≥Вс,16В≥Вс,10В≥Вс,42В≥Вс,24В≥Вс,7В≥Вс,17В≥Вс,39В≥Вс,12В≥Вс,34В≥Вс,45В≥Вс,46В≥Вс,22В≥Вс,56В≥Вс,41В≥Вс,51В≥Вс,33В≥Вс,52В≥Вс,2В≥Вс,32В≥Вс,15В≥Вс,55В≥Вс,37В≥Вс,11В≥Вс,3В≥Вс,26В≥Вс,44В≥Вс,28В≥Вс,47В≥Вс,14В≥Вс,4В≥Вс,30В≥Вс,13В≥Вс,6В≥Вс,35В≥Вс,5В≥Вс
ХФПР77,48В≥Вс,27В≥Вс,41В≥Вс,56В≥Вс,38В≥Вс,3В≥Вс,46В≥Вс,20В≥Вс,43В≥Вс,54В≥Вс,19В≥Вс,37В≥Вс,8В≥Вс,22В≥Вс,10В≥Вс,23В≥Вс,25В≥Вс,9В≥Вс,50В≥Вс,49В≥Вс,17В≥Вс,30В≥Вс,53В≥Вс,32В≥Вс,40В≥Вс,44В≥Вс,15В≥Вс,36В≥Вс,31В≥Вс,21В≥Вс,14В≥Вс,39В≥Вс,16В≥Вс,33В≥Вс,7В≥Вс,47В≥Вс,51В≥Вс,18В≥Вс,2В≥Вс,34В≥Вс,4В≥Вс,45В≥Вс,1В≥Вс,12В≥Вс,42В≥Вс,52В≥Вс,29В≥Вс,26В≥Вс,6В≥Вс,55В≥Вс,11В≥Вс,13В≥Вс,24В≥Вс,5В≥Вс,28В≥Вс
ХФПР78,48В≥Вс,38В≥Вс,46В≥Вс,9В≥Вс,3В≥Вс,31В≥Вс,19В≥Вс,44В≥Вс,40В≥Вс,21В≥Вс,10В≥Вс,50В≥Вс,22В≥Вс,20В≥Вс,45В≥Вс,51В≥Вс,54В≥Вс,41В≥Вс,30В≥Вс,32В≥Вс,37В≥Вс,36В≥Вс,11В≥Вс,25В≥Вс,27В≥Вс,34В≥Вс,39В≥Вс,23В≥Вс,16В≥Вс,4В≥Вс,56В≥Вс,24В≥Вс,17В≥Вс,18В≥Вс,26В≥Вс,15В≥Вс,52В≥Вс,35В≥Вс,55В≥Вс,8В≥Вс,49В≥Вс,53В≥Вс,33В≥Вс,28В≥Вс,43В≥Вс,42В≥Вс,1В≥Вс,14В≥Вс,7В≥Вс,47В≥Вс,13В≥Вс,2В≥Вс,12В≥Вс,6В≥Вс,5В≥Вс
ХФПР79,48В≥Вс,49В≥Вс,12В≥Вс,20В≥Вс,21В≥Вс,10В≥Вс,17В≥Вс,23В≥Вс,56В≥Вс,38В≥Вс,45В≥Вс,50В≥Вс,51В≥Вс,40В≥Вс,9В≥Вс,25В≥Вс,54В≥Вс,32В≥Вс,52В≥Вс,7В≥Вс,16В≥Вс,5В≥Вс,31В≥Вс,41В≥Вс,18В≥Вс,2В≥Вс,19В≥Вс,34В≥Вс,33В≥Вс,15В≥Вс,22В≥Вс,44В≥Вс,36В≥Вс,27В≥Вс,46В≥Вс,8В≥Вс,39В≥Вс,43В≥Вс,30В≥Вс,55В≥Вс,3В≥Вс,4В≥Вс,13В≥Вс,26В≥Вс,42В≥Вс,24В≥Вс,37В≥Вс,1В≥Вс,28В≥Вс,14В≥Вс,53В≥Вс,47В≥Вс,11В≥Вс,35В≥Вс,6В≥Вс
ХФПР80,48В≥Вс,50В≥Вс,38В≥Вс,54В≥Вс,20В≥Вс,36В≥Вс,56В≥Вс,31В≥Вс,41В≥Вс,9В≥Вс,23В≥Вс,42В≥Вс,10В≥Вс,12В≥Вс,49В≥Вс,1В≥Вс,43В≥Вс,19В≥Вс,7В≥Вс,40В≥Вс,45В≥Вс,25В≥Вс,27В≥Вс,52В≥Вс,39В≥Вс,44В≥Вс,18В≥Вс,46В≥Вс,24В≥Вс,17В≥Вс,21В≥Вс,53В≥Вс,22В≥Вс,32В≥Вс,3В≥Вс,51В≥Вс,34В≥Вс,33В≥Вс,55В≥Вс,16В≥Вс,15В≥Вс,4В≥Вс,30В≥Вс,2В≥Вс,8В≥Вс,11В≥Вс,37В≥Вс,47В≥Вс,35В≥Вс,26В≥Вс,28В≥Вс,14В≥Вс,13В≥Вс,29В≥Вс,6В≥Вс
